<annotation>
	<folder>train</folder>
	<filename>A492834405971432.jpg</filename>
	<path>/Users/demid/Desktop/object_detection/images/train/A492834405971432.jpg</path>
	<source>
		<database>Unknown</database>
	</source>
	<size>
		<width>600</width>
		<height>600</height>
		<depth>3</depth>
	</size>
	<segmented>0</segmented>
	<object>
		<name>license_plate</name>
		<pose>Unspecified</pose>
		<truncated>0</truncated>
		<difficult>0</difficult>
		<bndbox>
			<xmin>18</xmin>
			<ymin>227</ymin>
			<xmax>187</xmax>
			<ymax>356</ymax>
		</bndbox>
	</object>
</annotation>
