<annotation>
	<folder>train</folder>
	<filename>B2930794652323765.jpg</filename>
	<path>/Users/demid/Desktop/object_detection/images/train/B2930794652323765.jpg</path>
	<source>
		<database>Unknown</database>
	</source>
	<size>
		<width>600</width>
		<height>600</height>
		<depth>3</depth>
	</size>
	<segmented>0</segmented>
	<object>
		<name>license_plate</name>
		<pose>Unspecified</pose>
		<truncated>0</truncated>
		<difficult>0</difficult>
		<bndbox>
			<xmin>16</xmin>
			<ymin>233</ymin>
			<xmax>277</xmax>
			<ymax>351</ymax>
		</bndbox>
	</object>
</annotation>
