<annotation>
	<folder>train</folder>
	<filename>C07760261801797563.jpg</filename>
	<path>/Users/demid/Desktop/plates/images/C0.7760261801797563.jpg</path>
	<source>
		<database>Unknown</database>
	</source>
	<size>
		<width>600</width>
		<height>600</height>
		<depth>3</depth>
	</size>
	<segmented>0</segmented>
	<object>
		<name>license_plate</name>
		<pose>Unspecified</pose>
		<truncated>0</truncated>
		<difficult>0</difficult>
		<bndbox>
			<xmin>25</xmin>
			<ymin>240</ymin>
			<xmax>571</xmax>
			<ymax>355</ymax>
		</bndbox>
	</object>
</annotation>
