<annotation>
	<folder>train</folder>
	<filename>C5114195442840526.jpg</filename>
	<path>/Users/demid/Desktop/plates/images/C5.114195442840526.jpg</path>
	<source>
		<database>Unknown</database>
	</source>
	<size>
		<width>600</width>
		<height>600</height>
		<depth>3</depth>
	</size>
	<segmented>0</segmented>
	<object>
		<name>license_plate</name>
		<pose>Unspecified</pose>
		<truncated>0</truncated>
		<difficult>0</difficult>
		<bndbox>
			<xmin>25</xmin>
			<ymin>241</ymin>
			<xmax>269</xmax>
			<ymax>353</ymax>
		</bndbox>
	</object>
</annotation>
