<annotation>
	<folder>train</folder>
	<filename>C9275377966103688.jpg</filename>
	<path>/Users/demid/Desktop/plates/images/C9.275377966103688.jpg</path>
	<source>
		<database>Unknown</database>
	</source>
	<size>
		<width>600</width>
		<height>600</height>
		<depth>3</depth>
	</size>
	<segmented>0</segmented>
	<object>
		<name>license_plate</name>
		<pose>Unspecified</pose>
		<truncated>0</truncated>
		<difficult>0</difficult>
		<bndbox>
			<xmin>223</xmin>
			<ymin>238</ymin>
			<xmax>570</xmax>
			<ymax>355</ymax>
		</bndbox>
	</object>
</annotation>
