<annotation>
	<folder>train</folder>
	<filename>C942586101560017.jpg</filename>
	<path>/Users/demid/Desktop/plates/images/C9.42586101560017.jpg</path>
	<source>
		<database>Unknown</database>
	</source>
	<size>
		<width>600</width>
		<height>600</height>
		<depth>3</depth>
	</size>
	<segmented>0</segmented>
	<object>
		<name>license_plate</name>
		<pose>Unspecified</pose>
		<truncated>0</truncated>
		<difficult>0</difficult>
		<bndbox>
			<xmin>323</xmin>
			<ymin>242</ymin>
			<xmax>569</xmax>
			<ymax>348</ymax>
		</bndbox>
	</object>
</annotation>
